date,code,address,neighbourhood,municipality,collection point,taste,odor
13/02/2020,"Túnel
Canal",Avenida Edson Passos,Alto da Boa Vista,Rio de Janeiro,"Macro
Distribuição",2,2
13/02/2020,RJ 09-A5,Avenida das Américas,Barra da Tijuca,Rio de Janeiro,"Rede de
Distribuição",2,2
13/02/2020,RJ 12-A7,Rua Arquias Cordeiro,Méier,Rio de Janeiro,"Rede de
Distribuição",2,2
13/02/2020,RJ 15-A9,Avenida Maracanã,Maracanã,Rio de Janeiro,"Rede de
Distribuição",2,2
13/02/2020,RJ 03-A25,Avenida Delfim Moreira,Leblon,Rio de Janeiro,"Rede de
Distribuição",2,2
14/02/2020,RJ 10-A16,Rua Bucareste,Vigário Geral,Rio de Janeiro,"Rede de
Distribuição",2,2
14/02/2020,"Túnel
Canal",Avenida Edson Passos,Alto da Boa Vista,Rio de Janeiro,"Macro
Distribuição",2,1
14/02/2020,RJ 17-A1,Rua Estácio de Sá,Estácio,Rio de Janeiro,"Rede de
Distribuição",2,2
14/02/2020,RJ 17-A4,Rua Amoroso Lima,Cidade Nova,Rio de Janeiro,"Rede de
Distribuição",2,2
14/02/2020,RJ 17-A5,Rua do Santana,Centro,Rio de Janeiro,"Rede de
Distribuição",2,2
14/02/2020,RJ 17-A17,Rua Carmo Neto,Santo Cristo,Rio de Janeiro,"Rede de
Distribuição",2,2
14/02/2020,RJ 17-A20,Rua Guaicurus,Rio Comprido,Rio de Janeiro,"Rede de
Distribuição",2,2
14/02/2020,RJ 15-A21,"Boulevard Vinte e Oito de
Setembro",Vila Isabel,Rio de Janeiro,"Rede de
Distribuição",2,2
14/02/2020,RJ 15-A30,Rua Itabaiana,Grajaú,Rio de Janeiro,"Rede de
Distribuição",2,2
14/02/2020,RJ 03-P9,Rua Pacheco Leão,Jardim Botânico,Rio de Janeiro,"Rede de
Distribuição",2,2
14/02/2020,RJ 15-A31,Avenida Júlio Furtado,Grajaú,Rio de Janeiro,"Rede de
Distribuição",1,1
14/02/2020,RJ 15-A39,Rua Barão de Mesquita,Tijuca,Rio de Janeiro,"Rede de
Distribuição",2,2
14/02/2020,RJ 15-A19,Travessa Doutor Araujo,Praça da Bandeira,Rio de Janeiro,"Rede de
Distribuição",2,2
14/02/2020,RJ 08-P1,Rua Eng Alvaro Niemeyer,São Conrado,Rio de Janeiro,"Rede de
Distribuição",2,2
14/02/2020,RJ 03-P18,"Rua Vice-Governador
Rúbens Berardo",Gávea,Rio de Janeiro,"Rede de
Distribuição",2,2
14/02/2020,RJ 16-P1,Rua Batista Da Costa,Lagoa,Rio de Janeiro,"Rede de
Distribuição",2,2
14/02/2020,RJ 16-P6,Rua Alberto De Campos,Ipanema,Rio de Janeiro,"Rede de
Distribuição",2,2
14/02/2020,RJ 16-R26,Rua Gustavo Sampaio,Leme,Rio de Janeiro,"Rede de
Distribuição",2,2
14/02/2020,RJ 16-P27,Avenida Atlântica,Copacabana,Rio de Janeiro,"Rede de
Distribuição",2,1
14/02/2020,RJ 16-P31,Rua Manuel Niobei,Urca,Rio de Janeiro,"Rede de
Distribuição",1,1
14/02/2020,RJ 16-P34,Av. Reporter Nestor Moreira,Botafogo,Rio de Janeiro,"Rede de
Distribuição",1,1
14/02/2020,RJ 18-P4,Rua Andrade Pertence,Catete,Rio de Janeiro,"Rede de
Distribuição",1,1
14/02/2020,RJ 18-P8,Rua Do Russel,Glória,Rio de Janeiro,"Rede de
Distribuição",1,1
14/02/2020,RJ 14-A1,Estrada da Matriz,Pedra de Guaratiba,Rio de Janeiro,"Rede de
Distribuição",2,2
14/02/2020,INT 06-A20,Rua Serinhaem,Barros Filho,Rio de Janeiro,"Rede de
Distribuição",2,2
14/02/2020,INT 06-A14,Rua Moçambique,Rocha Miranda,Rio de Janeiro,"Rede de
Distribuição",2,2
14/02/2020,INT 06-A1,Rua Guaiuba,Acari,Rio de Janeiro,"Rede de
Distribuição",1,1
14/02/2020,INT 06-A29,Rua João Vicente,Deodoro,Rio de Janeiro,"Rede de
Distribuição",1,1
14/02/2020,INT 06-A25,Rua Salema,Ricardo de Albuquerque,Rio de Janeiro,"Rede de
Distribuição",2,1
14/02/2020,INT 06-A3,Rua Ouseley,Coelho Neto,Rio de Janeiro,"Rede de
Distribuição",2,2
14/02/2020,INT 06-A24,Estrada Marechal Alencastro,Anchieta,Rio de Janeiro,"Rede de
Distribuição",2,1
14/02/2020,INT 06-A22,Estrada João Paulo,Honório Gurgel,Rio de Janeiro,"Rede de
Distribuição",2,2
14/02/2020,INT 09-A3,Rua Amisterdam,Bangu,Rio de Janeiro,"Rede de
Distribuição",1,2
14/02/2020,"SA
1052/20A",Praça Rosária Trotta,Campo Grande,Rio de Janeiro,"Rede de
Distribuição",2,2
14/02/2020,RJ-17 P14,Avn N S De Fatima,Bairro de Fátima,Rio de Janeiro,"Rede de
Distribuição",2,2
14/02/2020,RJ-17 P15,Rua Lapa,Lapa,Rio de Janeiro,"Rede de
Distribuição",2,2
15/02/2020,BX-05 P04,Rua Eugênio de Menezes,"Venda Velha - São
João de Meriti","São João de
Meriti","Rede de
Distribuição",2,2
15/02/2020,BX-05 P18,Avenida Getulio de Moura,"Centro - São João
de Meriti","São João de
Meriti","Rede de
Distribuição",2,2
16/02/2020,BX-01 P05,Avenida Coelho da Rocha,"Centro - Belford
Roxo",Belford Roxo,"Rede de
Distribuição",2,1
16/02/2020,BX-01 P13,Rua Retiro da Imprensa,"Vila Heliopolis -
Belford Roxo",Belford Roxo,"Rede de
Distribuição",2,1
17/02/2020,INT-05 P14,Avenida Oliveira Belo,Vila da Penha,Rio de Janeiro,"Rede de
Distribuição",2,2
17/02/2020,INT-05 P17,Avenida Meriti,Vila Kosmos,Rio de Janeiro,"Rede de
Distribuição",2,2
17/02/2020,INT-05 P21,Rua Honorio de Almeida,Irajá,Rio de Janeiro,"Rede de
Distribuição",2,2
17/02/2020,INT-05 P25,Estrada Colégio,Colégio,Rio de Janeiro,"Rede de
Distribuição",2,2
17/02/2020,INT-05 P29,Avenida Monsenhor Felix,Vaz Lobo,Rio de Janeiro,"Rede de
Distribuição",2,2
17/02/2020,RJ-04 P06,Rua Carolina Santos,"Lins de
Vasconcelos",Rio de Janeiro,"Rede de
Distribuição",2,2
17/02/2020,RJ-04 P03,Rua Marques de Leão,Engenho Novo,Rio de Janeiro,"Rede de
Distribuição",2,2
17/02/2020,RJ-04 P19,Rua Pernambuco,Engenho de Dentro,Rio de Janeiro,"Rede de
Distribuição",2,2
17/02/2020,RJ-04 P22,Rua Paraná,Piedade,Rio de Janeiro,"Rede de
Distribuição",2,2
17/02/2020,RJ-04 P29,Rua Nerval de Gouvea,Quintino Bocaiuva,Rio de Janeiro,"Rede de
Distribuição",2,2
17/02/2020,RJ-06 P03,Estrada Covanca,Tanque,Rio de Janeiro,"Rede de
Distribuição",2,2
17/02/2020,RJ-06 P04,"Rua Professor Henrique
Costa",Pechincha,Rio de Janeiro,"Rede de
Distribuição",2,2
17/02/2020,RJ-06 P11,Rua Padre Ventura,Taquara,Rio de Janeiro,"Rede de
Distribuição",2,2
17/02/2020,RJ-06 P14,Rua André Rocha,Jacarepaguá,Rio de Janeiro,"Rede de
Distribuição",2,2
17/02/2020,RJ-07 P01,Estrada Lameirão,Santissimo,Rio de Janeiro,"Rede de
Distribuição",2,2
17/02/2020,RJ-07 P02,Estrada Viegas,Senador Camara,Rio de Janeiro,"Rede de
Distribuição",2,2
18/02/2020,MQ-SP Disp,"Rua Marquês de Sapucaí -
Dispersão",Cidade Nova,Rio de Janeiro,"Rede de
Distribuição",2,1
18/02/2020,MQ-SP Conc,"Rua Marquês de Sapucaí -
Concentração",Cidade Nova,Rio de Janeiro,"Rede de
Distribuição",2,1
18/02/2020,RJ-09 P04,Avenida das Américas,"Recreio dos
Bandeirantes",Rio de Janeiro,"Rede de
Distribuição",2,2
18/02/2020,RJ-09 P13,Rua Mario Faustino,"Recreio dos
Bandeirantes",Rio de Janeiro,"Rede de
Distribuição",2,1
18/02/2020,RJ-09 P15,Rua Haroldo Cavalcanti,"Recreio dos
Bandeirantes",Rio de Janeiro,"Rede de
Distribuição",2,2
18/02/2020,RJ-09 P19,Rua Murilo Araujo,"Recreio dos
Bandeirantes",Rio de Janeiro,"Rede de
Distribuição",2,2
18/02/2020,RJ-09 P18,Rua Professor Motta Maia,"Recreio dos
Bandeirantes",Rio de Janeiro,"Rede de
Distribuição",2,2
18/02/2020,RJ-09 P17,Rua Jorge Yunes,"Recreio dos
Bandeirantes",Rio de Janeiro,"Rede de
Distribuição",2,2
18/02/2020,RJ-08 P11,Rua Einsten,Itanhangá,Rio de Janeiro,"Rede de
Distribuição",2,2
18/02/2020,RJ-08 P12,"Rua Major Rolinda da
Silva",Barra da Tijuca,Rio de Janeiro,"Rede de
Distribuição",2,2
18/02/2020,RJ-08 P15,"Avenida Armando
Lombardi",Barra da Tijuca,Rio de Janeiro,"Rede de
Distribuição",2,2
18/02/2020,RJ-08 P23,Avenida do Pepe,Barra da Tijuca,Rio de Janeiro,"Rede de
Distribuição",2,2
18/02/2020,RJ-08 P24,"Rua General Sidônio Dias
Correa",Barra da Tijuca,Rio de Janeiro,"Rede de
Distribuição",2,2
18/02/2020,RJ-08 P26,Rua General Ivan Raposo,Barra da Tijuca,Rio de Janeiro,"Rede de
Distribuição",2,2
18/02/2020,RJ-08 P27,Avenida Afonso Taunay,Barra da Tijuca,Rio de Janeiro,"Rede de
Distribuição",2,2
18/02/2020,BX-02 P03,Rua Garibalde,"Jardim 25 de
Agosto - Duque de","Duque de
Caxias","Rede de
Distribuição",2,2
18/02/2020,BX-02 P11,Rua Alcindo Guanabara,"Parque Felicidade -
Duque de Caxias","Duque de
Caxias","Rede de
Distribuição",2,2
18/02/2020,BX-03 P10,"Rua Dr Heitor Da Costa
Val",Centro - Mesquita,Mesquita,"Rede de
Distribuição",2,2
18/02/2020,BX-03 P11,Rua Casulo,Centro - Mesquita,Mesquita,"Rede de
Distribuição",2,2
18/02/2020,"BX-04/2
P03",Rua João Pessoa,Olinda - Nilópolis,Nilópolis,"Rede de
Distribuição",2,2
18/02/2020,"BX-04/2
P08",Rua Coronel França Leite,Cabral - Nilópolis,Nilópolis,"Rede de
Distribuição",2,2
19/02/2020,RS-CN,Reservatório Caixa Nova,Alto da Boa Vista,Rio de Janeiro,"Macro
Distribuição",2,2
19/02/2020,RS-ED,"Reservatório Eng. de
Dentro",Engenho de Dentro,Rio de Janeiro,"Macro
Distribuição",2,1
19/02/2020,RS-PD,Reservatório Pedregulho,Benfica,Rio de Janeiro,"Macro
Distribuição",2,2
19/02/2020,RS-MC,Reservatório - Macacos,Jardim Botânico,Rio de Janeiro,"Macro
Distribuição",2,2
19/02/2020,INT-11  P09,"Rua Luiz Coutinho
Cavalcanti",Guadalupe,Rio de Janeiro,"Rede de
Distribuição",2,2
19/02/2020,INT-11  P13,Rua Marina,Bento Ribeiro,Rio de Janeiro,"Rede de
Distribuição",2,2
19/02/2020,INT-11  P25,Rua Alexandre Gasparoni,Marechal Hermes,Rio de Janeiro,"Rede de
Distribuição",2,1
19/02/2020,BX-06  P06,Rua Savero Jose Bruno,"Aero Clube - Nova
Iguaçu",Nova Iguaçu,"Rede de
Distribuição",2,2
19/02/2020,BX-06 P30,Rua Dr Barros Junior,"Centro - Nova
Iguaçu",Nova Iguaçu,"Rede de
Distribuição",2,2
19/02/2020,RJ-14 P09,Pra Reconcavo,Sepetiba,Rio de Janeiro,"Rede de
Distribuição",2,2
19/02/2020,RJ-14 P21,Etr Paciencia,Santa Cruz,Rio de Janeiro,"Rede de
Distribuição",2,2
20/02/2020,MQ-SP Disp.,"Rua Marquês de Sapucaí -
Dispersão",Cidade Nova,Rio de Janeiro,"Rede de
Distribuição",2,2
20/02/2020,MQ-SP Conc.,"Rua Marquês de Sapucaí -
Concentração",Cidade Nova,Rio de Janeiro,"Rede de
Distribuição",2,2
20/02/2020,INT-03 P06,Rua Betula,Guadalupe,Rio de Janeiro,"Rede de
Distribuição",2,2
20/02/2020,INT-03 P19,Rua Caiena,Bento Ribeiro,Rio de Janeiro,"Rede de
Distribuição",2,2
20/02/2020,INT-03 P29,Rua Marape,Honório Gurgel,Rio de Janeiro,"Rede de
Distribuição",2,1
20/02/2020,RJ-13 P02,Rua Olimpia Esteves,Padre Miguel,Rio de Janeiro,"Rede de
Distribuição",2,2
20/02/2020,RJ-13 P11,Rua Pedro Gomes,Realengo,Rio de Janeiro,"Rede de
Distribuição",2,2
20/02/2020,RJ-13 P21,"Estrada Manoel Nogueira
de Sá",Bangu,Rio de Janeiro,"Rede de
Distribuição",2,2
20/02/2020,RJ-13 P25,Rua Teodoro Sampaio,Jardim Sulacap,Rio de Janeiro,"Rede de
Distribuição",2,2
20/02/2020,RJ-03 P02,Pra Jacarandas,Lagoa,Rio de Janeiro,"Rede de
Distribuição",2,2
20/02/2020,RJ-03 P08,Rua Inglês de Souza,Jardim Botânico,Rio de Janeiro,"Rede de
Distribuição",2,2
20/02/2020,RJ-03 P11,Avenida Rodrigo Otávio,Gávea,Rio de Janeiro,"Rede de
Distribuição",2,2
20/02/2020,RJ-03 P14,Rua Oitis,Gávea,Rio de Janeiro,"Rede de
Distribuição",2,2
20/02/2020,RJ-03 P15,"Rua Marques de São
Vicente",Gávea,Rio de Janeiro,"Rede de
Distribuição",2,2
20/02/2020,RJ-03 P19,Rua Codajás,Leblon,Rio de Janeiro,"Rede de
Distribuição",2,2
20/02/2020,RJ-03 P20,Rua Timoteo da Costa,Leblon,Rio de Janeiro,"Rede de
Distribuição",2,1
20/02/2020,RJ-03 P27,Rua Cupertino Durão,Leblon,Rio de Janeiro,"Rede de
Distribuição",2,2
20/02/2020,RJ-03 P28,Rua Mario Ribeiro,Leblon,Rio de Janeiro,"Rede de
Distribuição",2,2
20/02/2020,RJ-16 P07,Rua Barão da Torre,Ipanema,Rio de Janeiro,"Rede de
Distribuição",2,2
20/02/2020,RJ-16 P08,Rua Vinicius de Moraes,Ipanema,Rio de Janeiro,"Rede de
Distribuição",2,2
20/02/2020,RJ-16 P10,Rua Prudente de Moraes,Ipanema,Rio de Janeiro,"Rede de
Distribuição",2,2
20/02/2020,RJ-16 P12,Rua Francisco Sá,Copacabana,Rio de Janeiro,"Rede de
Distribuição",2,1
20/02/2020,RJ-16 P15,Avenida Atlântica,Copacabana,Rio de Janeiro,"Rede de
Distribuição",2,2
20/02/2020,RJ-16 P17,Ladeira Tabajaras,Copacabana,Rio de Janeiro,"Rede de
Distribuição",2,2
20/02/2020,RJ-16 P23,Rua Gustavo Sampaio,Leme,Rio de Janeiro,"Rede de
Distribuição",2,1
20/02/2020,RJ-16 P24,"Rua General Ribeiro da
Costa",Leme,Rio de Janeiro,"Rede de
Distribuição",2,2
20/02/2020,RJ-16 P28,Rua Ramon Franco,Urca,Rio de Janeiro,"Rede de
Distribuição",2,2
20/02/2020,RJ-16 P33,Avenida Pasteur,Botafogo,Rio de Janeiro,"Rede de
Distribuição",2,2
21/02/2020,RJ-12 P01,Rua Miguel Angelo,Maria da Graça,Rio de Janeiro,"Rede de
Distribuição",2,2
21/02/2020,RJ-12 P11,Rua Cachambi,Cachambi,Rio de Janeiro,"Rede de
Distribuição",2,2
21/02/2020,RJ-12 P13,Rua José Bonifácio,Todos os Santos,Rio de Janeiro,"Rede de
Distribuição",2,2
21/02/2020,RJ-12 P15,Rua Luiz Silva,Abolição,Rio de Janeiro,"Rede de
Distribuição",2,2
21/02/2020,RJ-12 P17,Rua Glaziou,Pilares,Rio de Janeiro,"Rede de
Distribuição",2,2
21/02/2020,INT-04 P01,Rua Silva Gomes,Cascadura,Rio de Janeiro,"Rede de
Distribuição",2,2
21/02/2020,INT-04 P05,Rua Atila Da Silveira,Oswaldo Cruz,Rio de Janeiro,"Rede de
Distribuição",2,2
21/02/2020,INT-04 P06,Etr Portela,Madureira,Rio de Janeiro,"Rede de
Distribuição",2,2
21/02/2020,RJ-04 P29,Rua Nerval De Gouvea,Quintino Bocaiuva,Rio de Janeiro,"Rede de
Distribuição",2,3
21/02/2020,"Concentração
20:30","Rua Marquês de Sapucaí -
Concentração",Cidade Nova,Rio de Janeiro,"Rede de
Distribuição",2,1
21/02/2020,"Dispersão -
20:00","Rua Marquês de Sapucaí -
Dispersão",Cidade Nova,Rio de Janeiro,"Rede de
Distribuição",2,2
22/02/2020,"Concentração
00:00","Rua Marquês de Sapucaí -
Concentração",Cidade Nova,Rio de Janeiro,"Rede de
Distribuição",2,2
22/02/2020,"Dispersão -
00:30","Rua Marquês de Sapucaí -
Dispersão",Cidade Nova,Rio de Janeiro,"Rede de
Distribuição",2,2
22/02/2020,"Concentração
04:00","Rua Marquês de Sapucaí -
Concentração",Cidade Nova,Rio de Janeiro,"Rede de
Distribuição",2,1
22/02/2020,"Dispersão -
04:00","Rua Marquês de Sapucaí -
Dispersão",Cidade Nova,Rio de Janeiro,"Rede de
Distribuição",2,2
22/02/2020,"Concentração
22h","Rua Marquês de Sapucaí -
Concentração",Cidade Nova,Rio de Janeiro,"Rede de
Distribuição",2,2
22/02/2020,"Dispersão -
19:58","Rua Marquês de Sapucaí -
Dispersão",Cidade Nova,Rio de Janeiro,"Rede de
Distribuição",2,2
23/02/2020,"Concentração
02:34","Rua Marquês de Sapucaí -
Concentração",Cidade Nova,Rio de Janeiro,"Rede de
Distribuição",2,2
23/02/2020,"Dispersão -
02:15","Rua Marquês de Sapucaí -
Dispersão",Cidade Nova,Rio de Janeiro,"Rede de
Distribuição",2,2
23/02/2020,"Concentração
04:15","Rua Marquês de Sapucaí -
Concentração",Cidade Nova,Rio de Janeiro,"Rede de
Distribuição",2,2
23/02/2020,"Dispersão -
04:30","Rua Marquês de Sapucaí -
Dispersão",Cidade Nova,Rio de Janeiro,"Rede de
Distribuição",2,2
23/02/2020,"Concentração
18:00","Rua Marquês de Sapucaí -
Concentração",Cidade Nova,Rio de Janeiro,"Rede de
Distribuição",2,1
23/02/2020,"Dispersão -
18:30","Rua Marquês de Sapucaí -
Dispersão",Cidade Nova,Rio de Janeiro,"Rede de
Distribuição",2,2
24/02/2020,"Concentração
00:00","Rua Marquês de Sapucaí -
Concentração",Cidade Nova,Rio de Janeiro,"Rede de
Distribuição",2,2
24/02/2020,"Dispersão -
00:30","Rua Marquês de Sapucaí -
Dispersão",Cidade Nova,Rio de Janeiro,"Rede de
Distribuição",2,2
24/02/2020,"Concentração
04:00","Rua Marquês de Sapucaí -
Concentração",Cidade Nova,Rio de Janeiro,"Rede de
Distribuição",2,2
24/02/2020,"Dispersão -
04:00","Rua Marquês de Sapucaí -
Dispersão",Cidade Nova,Rio de Janeiro,"Rede de
Distribuição",2,2
24/02/2020,"Concentração
18:32","Rua Marquês de Sapucaí -
Concentração",Cidade Nova,Rio de Janeiro,"Rede de
Distribuição",2,2
24/02/2020,"Dispersão -
18:53","Rua Marquês de Sapucaí -
Dispersão",Cidade Nova,Rio de Janeiro,"Rede de
Distribuição",2,2
25/02/2020,"Concentração
01:20","Rua Marquês de Sapucaí -
Concentração",Cidade Nova,Rio de Janeiro,"Rede de
Distribuição",2,2
25/02/2020,"Dispersão -
00:55","Rua Marquês de Sapucaí -
Dispersão",Cidade Nova,Rio de Janeiro,"Rede de
Distribuição",2,2
25/02/2020,"Concentração
03:30","Rua Marquês de Sapucaí -
Concentração",Cidade Nova,Rio de Janeiro,"Rede de
Distribuição",2,1
25/02/2020,"Dispersão -
03:02","Rua Marquês de Sapucaí -
Dispersão",Cidade Nova,Rio de Janeiro,"Rede de
Distribuição",2,2
25/02/2020,"Concentração
16:30","Rua Marquês de Sapucaí -
Concentração",Cidade Nova,Rio de Janeiro,"Rede de
Distribuição",2,2
25/02/2020,"Concentração
22:00","Rua Marquês de Sapucaí -
Concentração",Cidade Nova,Rio de Janeiro,"Rede de
Distribuição",2,2
29/02/2020,"Concentração
20:40","Rua Marquês de Sapucaí -
Concentração",Cidade Nova,Rio de Janeiro,"Rede de
Distribuição",2,2
29/02/2020,"Dispersão -
20:15","Rua Marquês de Sapucaí -
Dispersão",Cidade Nova,Rio de Janeiro,"Rede de
Distribuição",2,2
22/02/2020,ZS-MC 1,Avenida Glaucio Gil,"Recreio dos
Bandeirantes",Rio de Janeiro,"Rede de
Distribuição",2,2
22/02/2020,ZS-MC 2,Avenida das Américas,Barra da Tijuca,Rio de Janeiro,"Rede de
Distribuição",2,2
22/02/2020,ZS-MC 3,"Avn Pref Mendes De
Moraes",São Conrado,Rio de Janeiro,"Rede de
Distribuição",2,2
22/02/2020,ZS-MC 4,Rua General Artigas,Leblon,Rio de Janeiro,"Rede de
Distribuição",2,1
23/02/2020,ZS-MC 1,Avenida Glaucio Gil,"Recreio dos
Bandeirantes",Rio de Janeiro,"Rede de
Distribuição",2,2
23/02/2020,ZS-MC 2,Avenida das Américas,Barra da Tijuca,Rio de Janeiro,"Rede de
Distribuição",2,2
23/02/2020,ZS-MC 3,"Avn Pref Mendes De
Moraes",São Conrado,Rio de Janeiro,"Rede de
Distribuição",2,1
24/02/2020,ZS-MC 1,Avenida Glaucio Gil,"Recreio dos
Bandeirantes",Rio de Janeiro,"Rede de
Distribuição",2,2
24/02/2020,ZS-MC 2,Avenida das Américas,Barra da Tijuca,Rio de Janeiro,"Rede de
Distribuição",2,2
24/02/2020,ZS-MC 3,"Avn Pref Mendes De
Moraes",São Conrado,Rio de Janeiro,"Rede de
Distribuição",2,2
25/02/2020,ZS-MC 1,Avenida Glaucio Gil,"Recreio dos
Bandeirantes",Rio de Janeiro,"Rede de
Distribuição",2,2
25/02/2020,ZS-MC 2,Avenida das Américas,Barra da Tijuca,Rio de Janeiro,"Rede de
Distribuição",2,2
25/02/2020,ZS-MC 3,"Avn Pref Mendes De
Moraes",São Conrado,Rio de Janeiro,"Rede de
Distribuição",2,2
02/03/2020,RJ-18 - P04,Rua Andrade Pertence,Catete,Rio de Janeiro,"Rede de
Distribuição",2,2
02/03/2020,RJ-18 - P07,"Rua Antonio Mendes
Campos",Glória,Rio de Janeiro,"Rede de
Distribuição",2,2
02/03/2020,RJ-18 - P13,Rua Dom Gerardo,Centro,Rio de Janeiro,"Rede de
Distribuição",2,2
02/03/2020,RJ-18 - P20,Rua Waldemar Dutra,Santo Cristo,Rio de Janeiro,"Rede de
Distribuição",2,2
02/03/2020,BX-05 - P03,"Avn João De Deus
Menezes","N S Ant - São João
de Meriti","São João de
Meriti","Rede de
Distribuição",2,2
02/03/2020,BX-05 - P12,Rua Santo Antonio,"Fluminense - São
João de Meriti","São João de
Meriti","Rede de
Distribuição",2,2
03/03/2020,BX-03 P11,Rua Casulo,Centro - Mesquita,Mesquita,"Rede de
Distribuição",2,2
03/03/2020,BX-03 P15,Trv União,Centro - Mesquita,Mesquita,"Rede de
Distribuição",2,2
03/03/2020,"BX-04/1
P01","Rua Pres Gal Craveiro
Lopes",Olinda - Nilópolis,Nilópolis,"Rede de
Distribuição",2,2
03/03/2020,"BX-04/1
P12",Rua Ver Jose Fortes,Centro - Nilópolis,Nilópolis,"Rede de
Distribuição",2,2
03/03/2020,BX-02 P01,Rdv Washington Luiz,Duque de Caxias,"Duque de
Caxias","Rede de
Distribuição",2,2
03/03/2020,BX-02 P25,Rua Euclides Cunha,"Centenário -
Duque de Caxias","Duque de
Caxias","Rede de
Distribuição",2,2
04/03/2020,Túnel Canal,Avenida Edson Passos,Alto da Boa Vista,Rio de Janeiro,"Macro
Distribuição",2,2
04/03/2020,SA 1078/20,Rua Prof Henrique Costa,Pechincha,Rio de Janeiro,"Rede de
Distribuição",2,2
04/03/2020,SA 1097/20,Rua Jose Colares Moreira,Taquara,Rio de Janeiro,"Rede de
Distribuição",2,2
04/03/2020,SA 1159/20,Rua Cembira,Bento Ribeiro,Rio de Janeiro,"Rede de
Distribuição",2,2
04/03/2020,"SA
1005/20A",Rua Guilhermina,Encantado,Rio de Janeiro,"Rede de
Distribuição",2,2
04/03/2020,SA 1165/20,Rua Benjamim Magalhaes,Pilares,Rio de Janeiro,"Rede de
Distribuição",2,2
04/03/2020,SA 1166/20,Rua Enaldo Cravo Peixoto,Tijuca,Rio de Janeiro,"Rede de
Distribuição",2,2
04/03/2020,SA 1168/20,Rua Ailson Simoes,Bento Ribeiro,Rio de Janeiro,"Rede de
Distribuição",2,2
04/03/2020,SA 1174/20,Rua Zamenhof,Estácio,Rio de Janeiro,"Rede de
Distribuição",2,2
04/03/2020,SA 1182/20,Rua Bucareste,Vigário Geral,Rio de Janeiro,"Rede de
Distribuição",2,2
04/03/2020,SA 1197/20,Rua Fortunato De Brito,Freguesia,Rio de Janeiro,"Rede de
Distribuição",2,2
04/03/2020,"SA
1185/19E",Rua Olegario Mariano,Tijuca,Rio de Janeiro,"Rede de
Distribuição",2,2
05/03/2020,SA 1213/20,Rua Alvaro Ramos,"Botafogo - Band
News",Rio de Janeiro,"Rede de
Distribuição",2,2
05/03/2020,RJ-02 P20,Rua Arnaldo Quintela,Botafogo,Rio de Janeiro,"Rede de
Distribuição",2,2
05/03/2020,RJ-02 P21,Rua Rodrigo De Brito,Botafogo,Rio de Janeiro,"Rede de
Distribuição",2,2
05/03/2020,RJ-02 P22,Rua Assis Bueno,Botafogo,Rio de Janeiro,"Rede de
Distribuição",2,2
05/03/2020,RJ-02 P24,Rua Passagem,Botafogo,Rio de Janeiro,"Rede de
Distribuição",2,2
06/03/2020,RJ-12 P01,Rua Miguel Angelo,Maria da Graça,Rio de Janeiro,"Rede de
Distribuição",2,2
06/03/2020,RJ-12 P08,Rua Miguel Fernandes,Méier,Rio de Janeiro,"Rede de
Distribuição",2,2
06/03/2020,RJ-12 P05,Rua Ferreira De Andrade,Cachambi,Rio de Janeiro,"Rede de
Distribuição",2,2
06/03/2020,RJ-12 P15,Rua Luiz Silva,Abolição,Rio de Janeiro,"Rede de
Distribuição",2,2
06/03/2020,RJ-12 P20,Avn Joao Ribeiro,Pilares,Rio de Janeiro,"Rede de
Distribuição",2,2
06/03/2020,RJ-12 P25,Rua Divino Salvador,Piedade,Rio de Janeiro,"Rede de
Distribuição",2,2
06/03/2020,BX-06 P01,Avn Dr Salles Teixeira,"Aero Clube - Nova
Iguaçu",Nova Iguaçu,"Rede de
Distribuição",2,2
06/03/2020,BX-06 P02,Avn Dr Salles Teixeira,"Aero Clube - Nova
Iguaçu",Nova Iguaçu,"Rede de
Distribuição",2,2
06/03/2020,RJ-15 P83,Rua Juiz de Fora,Grajaú,Rio de Janeiro,"Rede de
Distribuição",2,2
06/03/2020,SA 1221/20,Rua Visc De Santa Isabel,Vila Isabel,Rio de Janeiro,"Rede de
Distribuição",2,2
06/03/2020,SA 1233/20,Rua Eduardo de Sá,Higienópolis,Rio de Janeiro,"Rede de
Distribuição",2,2
06/03/2020,"SA 525/20-
A",Rua Eng Miranda Ribeiro,Realengo,Rio de Janeiro,"Rede de
Distribuição",2,2
06/03/2020,SA 932/20,"Etr. Da Barra de
Guaratiba",Barra de Guaratiba,Rio de Janeiro,"Rede de
Distribuição",2,2
06/03/2020,SA 1124/20,Rua Visc De Araguaia,Santa Cruz,Rio de Janeiro,"Rede de
Distribuição",2,2
06/03/2020,SA 1199/20,Estrada Santa Eugênia,Paciência,Rio de Janeiro,"Rede de
Distribuição",2,2
06/03/2020,SA 1134/20,Rua Tronco Do Ipe,Campo Grande,Rio de Janeiro,"Rede de
Distribuição",2,2
06/03/2020,SA 1208/20,Rua Panama,Penha,Rio de Janeiro,"Rede de
Distribuição",2,2
06/03/2020,SA 1228/20,Etr Guandu Do Sena,Bangu,Rio de Janeiro,"Rede de
Distribuição",2,2
06/03/2020,"ILHA-02
P02",Pra Jequia,Ribeira,Rio de Janeiro,"Rede de
Distribuição",2,2
06/03/2020,"ILHA-02
P07",Rua Formosa Do Zumbi,Zumbi,Rio de Janeiro,"Rede de
Distribuição",2,2
06/03/2020,"ILHA-02
P21",Rua Amapurus,Taua,Rio de Janeiro,"Rede de
Distribuição",2,2
06/03/2020,AA-01,Etr. Santa Cruz,"Senador A
Vasconcellos",Rio de Janeiro,"Rede de
Distribuição",2,2
06/03/2020,RJ-09 P06,Rua Dr Crespo,"Recreio dos
Bandeirantes",Rio de Janeiro,"Rede de
Distribuição",2,2
06/03/2020,RJ-09 P17,Rua Jorge Yunes,"Recreio dos
Bandeirantes",Rio de Janeiro,"Rede de
Distribuição",2,2
06/03/2020,RJ-09 P16,Rua Joaquim Cardoso,"Recreio dos
Bandeirantes",Rio de Janeiro,"Rede de
Distribuição",2,2
06/03/2020,RJ-02 P30,Rua Miguel Pereira,Humaitá,Rio de Janeiro,"Rede de
Distribuição",2,2
06/03/2020,RJ-03 P10,Rua Alberto Ribeiro,Jardim Botânico,Rio de Janeiro,"Rede de
Distribuição",2,2
06/03/2020,RJ-16 P15,Avn Atlantica,Copacabana,Rio de Janeiro,"Rede de
Distribuição",2,2
06/03/2020,SA 690/20,Rua Sta Cristina,Santa Teresa,Rio de Janeiro,"Rede de
Distribuição",2,2
06/03/2020,SA 1236/20,Rua Justino De Sousa,São Cristóvão,Rio de Janeiro,"Rede de
Distribuição",2,2
09/03/2020,RJ-01 P04,Rua Geminiano Gois,Jacarepaguá,Rio de Janeiro,"Rede de
Distribuição",2,1
09/03/2020,RJ-01 P07,Avn Geremario Dantas,Tanque,Rio de Janeiro,"Rede de
Distribuição",2,2
09/03/2020,RJ-01 P08,Etr Tres Rios,Jacarepaguá,Rio de Janeiro,"Rede de
Distribuição",2,2
09/03/2020,SA 760/20,Rua Andrade Araujo,Oswaldo Cruz,Rio de Janeiro,"Rede de
Distribuição",2,2
09/03/2020,SA 829/20,Rua Vaz Lobo,Vaz Lobo,Rio de Janeiro,"Rede de
Distribuição",2,2
09/03/2020,SA 832/20,Rua Ferreira Cantao,Irajá,Rio de Janeiro,"Rede de
Distribuição",2,2
09/03/2020,SA 849/20,Rua Prof Paula Aquiles,Vila da Penha,Nova Iguaçu,"Rede de
Distribuição",2,1
09/03/2020,SA 1080/20,Rua Parauna,"Ricardo de
Albuquerque",Nova Iguaçu,"Rede de
Distribuição",3,2
09/03/2020,SA 1139/20,Avn Sao Felix,Vista Alegre,Rio de Janeiro,"Rede de
Distribuição",2,1
10/03/2020,RJ-16 P04,Avn Epitacio Pessoa,Ipanema,Rio de Janeiro,"Rede de
Distribuição",2,2
10/03/2020,RJ-16 P08,Rua Vinicius De Moraes,Ipanema,Rio de Janeiro,"Rede de
Distribuição",2,2
10/03/2020,RJ-16 P23,Rua Gustavo Sampaio,Leme,Rio de Janeiro,"Rede de
Distribuição",2,2
10/03/2020,RJ-16 P34,Avn Pasteur,Botafogo,Rio de Janeiro,"Rede de
Distribuição",2,2
10/03/2020,SA 1265/20,Rua Benjamin Constant,Glória,Rio de Janeiro,"Rede de
Distribuição",2,2
11/03/2020,Túnel Canal,Avenida Edson Passos,Alto da Boa Vista,Rio de Janeiro,"Macro
Distribuição",2,2
11/03/2020,SA 1191/20,Rua Itaquera,Inhaúma,Rio de Janeiro,"Rede de
Distribuição",2,2
11/03/2020,SA 1277/20,Rua Irapua,Penha Circular,Rio de Janeiro,"Rede de
Distribuição",2,2
11/03/2020,INT-02 P03,Rua Miltom,Ramos,Rio de Janeiro,"Rede de
Distribuição",2,2
11/03/2020,INT-02 P20,Rua Montevideo,Penha,Rio de Janeiro,"Rede de
Distribuição",2,2
11/03/2020,INT-02 P27,Rua Angatuba,Braz de Pina,Rio de Janeiro,"Rede de
Distribuição",2,2
11/03/2020,RJ-15 P04,Rua Bom Pastor,Tijuca,Rio de Janeiro,"Rede de
Distribuição",2,2
11/03/2020,RJ-15 P10,Rua Visc De Itamarati,Maracanã,Rio de Janeiro,"Rede de
Distribuição",2,2
11/03/2020,RJ-15 P21,"Blv Vinte E Oito De
Setembro",Vila Isabel,Rio de Janeiro,"Rede de
Distribuição",2,2
11/03/2020,RJ-15 P27,Rua Barao Do Bom Retiro,Grajaú,Rio de Janeiro,"Rede de
Distribuição",2,2
11/03/2020,RJ-15 P30,Rua Itabaiana,Grajaú,Rio de Janeiro,"Rede de
Distribuição",2,2
11/03/2020,RJ-15 P36,Rua Leopoldo,Andaraí,Rio de Janeiro,"Rede de
Distribuição",2,2
11/03/2020,RJ-07 P01,Etr Lameirao,Santíssimo,Rio de Janeiro,"Rede de
Distribuição",2,2
11/03/2020,RJ-07 P02,Etr Viegas,Senador Camara,Rio de Janeiro,"Rede de
Distribuição",2,2
11/03/2020,RJ-07-P19,"Rua Augusto De
Vasconcelos",Campo Grande,Rio de Janeiro,"Rede de
Distribuição",2,1
11/03/2020,RJ-07 P24,Avn Joaquim Magalhaes,Sen A Vasconcelos,Rio de Janeiro,"Rede de
Distribuição",2,2
11/03/2020,SA 998/20,Estrada Cabuçu,Campo Grande,Rio de Janeiro,"Rede de
Distribuição",2,1
11/03/2020,SA 1170/20,Rua Artur Rios,Campo Grande,Rio de Janeiro,"Rede de
Distribuição",2,2
12/03/2020,SA 1303/20,Rua Paim Pamplona,Sampaio,Rio de Janeiro,"Rede de
Distribuição",2,1
12/03/2020,SA 1249/20,Rua Jose Dos Reis,Engenho de Dentro,Rio de Janeiro,"Rede de
Distribuição",2,1
12/03/2020,SA 1112/20,Trv Cassiano,Santa Teresa,Rio de Janeiro,Rede de Distribuição,2,1
12/03/2020,SA 1307/20,Avn Henrique Dumont,Ipanema,Rio de Janeiro,"Rede de
Distribuição",2,2
12/03/2020,RJ-03 P18,Avn Padre Leonel Franca,Gávea,Rio de Janeiro,"Rede de
Distribuição",2,2
12/03/2020,RJ-14 P03,Prc Vila Formosa,Pedra de Guaratiba,Rio de Janeiro,"Rede de
Distribuição",2,2
12/03/2020,RJ-14 P25,Etr Grama,Guaratiba,Rio de Janeiro,"Rede de
Distribuição",2,1
12/03/2020,SA 88/20A,"Rua Marques De São
Vicente",Gávea,Rio de Janeiro,"Rede de
Distribuição",2,2
12/03/2020,SA 926/20A,Rua José Fernandes,Sepetiba,Rio de Janeiro,"Rede de
Distribuição",2,2
12/03/2020,SA 1130/20,Rua Tupitinga,Cosmos,Rio de Janeiro,"Rede de
Distribuição",2,2
12/03/2020,SA 1162/20,"Rua Embaix Moniz
Gordilho",Inhoaiba,Rio de Janeiro,"Rede de
Distribuição",2,2
12/03/2020,SA 1222/20,Prc Gado,Santa Cruz,Rio de Janeiro,"Rede de
Distribuição",2,1
12/03/2020,SA 1254/20,Rua Das Acacias,Gávea,Rio de Janeiro,"Rede de
Distribuição",2,2
13/03/2020,RJ-08 P11,Rua Einstein,Barra da Tijuca,Rio de Janeiro,"Rede de
Distribuição",2,2
13/03/2020,RJ-08 P23,Avn Do Pepe,Barra da Tijuca,Rio de Janeiro,"Rede de
Distribuição",2,2
13/03/2020,RJ-08 P27,Avn Afonso Taunay,Barra da Tijuca,Rio de Janeiro,"Rede de
Distribuição",2,2
13/03/2020,SA 1207/20,Rua Pompeu Loureiro,Copacabana,Rio de Janeiro,"Rede de
Distribuição",2,2
13/03/2020,SA 1243/20,Rua Sao Clemente,Botafogo,Rio de Janeiro,"Rede de
Distribuição",2,2
13/03/2020,SA 1272/20,Rua Duvivier,Copacabana,Rio de Janeiro,"Rede de
Distribuição",2,2
13/03/2020,"SA
1152/20A",Avn Braz De Pina,Braz de Pina,Rio de Janeiro,"Rede de
Distribuição",2,2
13/03/2020,SA 436/20A,Rua Jose Bonifacio,Todos os Santos,Rio de Janeiro,"Rede de
Distribuição",2,2
13/03/2020,SA 1301/20,Rua Fabio Luz,Méier,Rio de Janeiro,"Rede de
Distribuição",2,2
13/03/2020,SA 1270/20,Rua Columbia,Quintino Bocaiuva,Rio de Janeiro,"Rede de
Distribuição",2,2
13/03/2020,BX-05 P08,Rua Alagoas,"Centro - São João
de Meriti","São João de
Meriti","Rede de
Distribuição",2,2
13/03/2020,BX-05 P27,Rua Pastor Joaquim Rosa,"J Meriti - São João
de Meriti","São João de
Meriti","Rede de
Distribuição",2,2
01/10/2020,25922/20,Rua Dr. Otávio Kelly,Tijuca,Rio de Janeiro,"Rede de
Distribuição",1,1
01/10/2020,"S.A.
2243/20",Rua Uberaba,Grajaú,Rio de Janeiro,"Rede de
Distribuição",1,1
02/10/2020,"S.A.
2242/20",Rua Viúva Lacerda,Humaitá,Rio de Janeiro,"Rede de
Distribuição",1,1
02/10/2020,"S.A.
2061/20B",Rua Rubem Braga,Barra da Tijuca,Rio de Janeiro,"Rede de
Distribuição",1,1
02/10/2020,INT-06 P08,Rua Macabu,Coelho Neto,Rio de Janeiro,"Rede de
Distribuição",1,1
02/10/2020,"S.A.
2227/20",Rua São Gotardo,Bangu,Rio de Janeiro,"Rede de
Distribuição",2,1
02/10/2020,"S.A.
2245/20",Rua Verde,Campo Grande,Rio de Janeiro,"Rede de
Distribuição",1,1
04/10/2020,"S.A.
2255/20",Av. Abílio Augusto Távora,Centro,Nova Iguaçu,"Rede de
Distribuição",1,1
05/10/2020,"S.A.
2196/20A",Rua Jucari,Irajá,Rio de Janeiro,"Rede de
Distribuição",1,1
05/10/2020,"S.A.
2123/20A",Estrada Gov. Chagas Freitas,Moneró,Rio de Janeiro,"Rede de
Distribuição",1,1
05/10/2020,"S.A.
2259/20",Rua Amorim,Piedade,Rio de Janeiro,"Rede de
Distribuição",1,1
06/10/2020,"S.A
2269/20",Rua Loureiro Ribeiro,Higienópolis,Rio de Janeiro,"Rede de
Distribuição",1,1
06/10/2020,"Am.
26053/20",Estrada da Pedra,Pedra de Guaratiba,Rio de Janeiro,"Rede de
Distribuição",1,1
07/10/2020,"Am.
26132/20",Rua Vinte e Quatro de Maio,"São Francisco
Xavier",Rio de Janeiro,"Rede de
Distribuição",1,1
07/10/2020,"Am.
26151/20",Rua Primo Teixeira,Encantado,Rio de Janeiro,"Rede de
Distribuição",1,1
07/10/2020,"Am.
26355/20",Rua Olímpia Esteves,Padre Miguel,Rio de Janeiro,"Rede de
Distribuição",1,1
07/10/2020,"Am.
26365/20",Rua General Sezefredo,Realendo,Rio de Janeiro,"Rede de
Distribuição",1,1
07/10/2020,"Am.
26378/20",Rua Teodoro Sampaio,Jardim Sulacap,Rio de Janeiro,"Rede de
Distribuição",1,1
07/10/2020,"S.A.
2264/20",Rua Pedro Teixeira,Irajá,Rio de Janeiro,"Rede de
Distribuição",1,1
08/10/2020,"Am.
26453/20",Rua Guaravera,Curicica,Rio de Janeiro,"Rede de
Distribuição",1,1
08/10/2020,"Am.
26457/20",Rua Caraibuna,Taquara,Rio de Janeiro,"Rede de
Distribuição",1,1
08/10/2020,"Am.
26460/20",Estrada do Rio Pequeno,Jacarepaguá,Rio de Janeiro,"Rede de
Distribuição",1,1
08/10/2020,"Am.
26516/20",Rua Miltom,Ramos,Rio de Janeiro,"Rede de
Distribuição",1,1
08/10/2020,"Am.
26492/2",Rua Marata,Campo Grande,Rio de Janeiro,"Rede de
Distribuição",1,1
08/10/2020,"Am.
26507/20",Av. Joaquim Magalhães,"Senador A.
Vasconcelos",Rio de Janeiro,"Rede de
Distribuição",1,1
08/10/2020,"S.A.
2190/20A",Avenida Brasil,Vila São Luiz,"Duque de
Caxias","Rede de
Distribuição",1,1
09/10/2020,"S.A.
2277/20","Avenida Edson Passos - Reservatório
Caixa Nova - Saída",Alto da Boa Vista,Rio de Janeiro,"Macro
Distribuição",1,1
09/10/2020,"S.A.
2283/20","Estrada da Covanca -
Abastecimento Carros-Pipa",Tanque,Rio de Janeiro,"Macro
Distribuição",1,1
09/10/2020,"S.A.
2276/20","Rua Pacheco Leão - Reservatório
Macacos - Entrada",Jardim Botânico,Rio de Janeiro,"Macro
Distribuição",1,1
09/10/2020,"S.A.
2277/20","Avenida Edson Passos - Reservatório
Caixa Nova - Entrada",Alto da Boa Vista,Rio de Janeiro,"Macro
Distribuição",1,1
09/10/2020,"Am.
26597/20",Praça da Cruz Vermelha,Centro,Rio de Janeiro,"Rede de
Distribuição",1,1
09/10/2020,"Am.
26589/20",Rua Estácio de Sá,Estácio,Rio de Janeiro,"Rede de
Distribuição",1,1
09/10/2020,"Am.
26591/20",Rua Amoroso Lima,Cidade Nova,Rio de Janeiro,"Rede de
Distribuição",1,1
09/10/2020,"Am.
26650/20",Rua Bucareste,Vigário Geral,Rio de Janeiro,"Rede de
Distribuição",1,1
09/10/2020,"Am.
26641/20",Rua Cordovil,Parada de Lucas,Rio de Janeiro,"Rede de
Distribuição",1,1
12/10/2020,"Am.
26957/20",Rua Eugenio de Menezes,Venda Velha,"São João de
Meriti","Rede de
Distribuição",1,1
12/10/2020,"Am.
26966/20",Avenida Dr. Arruda Negreiros,Centro,"São João de
Meriti","Rede de
Distribuição",1,1
12/10/2020,"Am.
25146/20",Rua General Dionisio,"Jardim 25 de
Agosto","Duque de
Caxias","Rede de
Distribuição",1,1
13/10/2020,"Am.
26747/20",Rua Pinto da Fonseca,Magalhães Bastos,Rio de Janeiro,"Rede de
Distribuição",1,1
13/10/2020,"Am.
26806/20",Rua Professor Valdemar Raythe,Guadalupe,Rio de Janeiro,"Rede de
Distribuição",1,1
13/10/2020,"Am.
26815/20",Rua Isolino Aquino,Deodoro,Rio de Janeiro,"Rede de
Distribuição",1,1
13/10/2020,"S.A.
2280/20","Alameda Caheiros da Graça -
Abastecimento Carros-Pipa",Jardim Primavera,"Duque de
Caxias","Macro
Distribuição",1,1
14/10/2020,"Am.
27040/20",Rua Engenheiro Álvaro Niemeyer,São Conrado,Rio de Janeiro,"Rede de
Distribuição",1,1
14/10/2020,"Am.
27008/20",Rua Atílio Milano,Del Castilho,Rio de Janeiro,"Rede de
Distribuição",1,1
14/10/2020,"Am.
27046/20",Rua São Leobaldo,Gávea,Rio de Janeiro,"Rede de
Distribuição",1,1
14/10/2020,"Am.
27060/20","Avenida General Guedes da
Fontoura",Barra da Tijuca,Rio de Janeiro,"Rede de
Distribuição",1,1
14/10/2020,"S.A.
2285/20","Avenida Benjamim Pinto Dias -
Abastecimento Carros-Pipa",Belford Roxo,Belford Roxo,"Macro
Distribuição",1,1
14/10/2020,"S.A.
2275/20","Rua Delfim Moreira - Reservatório
São Matheus - Entrada",São Matheus,"São João de
Meriti","Macro
Distribuição",1,1
14/10/2020,"S.A.
2275/20","Rua Delfim Moreira - Reservatório
São Matheus - Saída",São Matheus,"São João de
Meriti","Macro
Distribuição",1,1
14/10/2020,"S.A.
2284/20","Avenida Benjamim Pinto Dias -
Abastecimento Carros-Pipa",Belford Roxo,Belford Roxo,"Macro
Distribuição",1,1
14/10/2020,"S.A.
2288/20","Avenida Euclides da Cunha -
Abastecimento Carros-Pipa",Vila São João,"São João de
Meriti","Macro
Distribuição",1,1
15/10/2020,"Am.
27102/20",Avenida Doutor Salles Teixeira,Aero Clube,Nova Iguaçu,"Rede de
Distribuição",1,1
15/10/2020,"Am.
27117/20",Rua Benjamim Chambarelli,K-11,Nova Iguaçu,"Rede de
Distribuição",1,1
15/10/2020,"Am.
27070/20",Rua Pires da Mota,"Ribeira - Ilha do
Governador",Rio de Janeiro,"Rede de
Distribuição",1,1
15/10/2020,"Am.
27130/20",Rua Doutor Barros Júnior,Centro,Nova Iguaçu,"Rede de
Distribuição",1,1
15/10/2020,"Am.
27262/20",Rua Rugendas,Jacarepaguá,Rio de Janeiro,"Rede de
Distribuição",1,1
16/10/2020,"Am.
27314/20",Rua Marechal Aguiar,Benfica,Rio de Janeiro,"Rede de
Distribuição",1,1
16/10/2020,"Am.
27280/20",Rua Garibalde,"Jardim 25 de
Agosto","Duque de
Caxias","Rede de
Distribuição",1,1
16/10/2020,"Am.
27302/20",Avenida Doutor Manoel Reis,Centenário,"Duque de
Caxias","Rede de
Distribuição",1,1
18/10/2020,"Am.
27705/20",Travessa Sebastião Izidoro,Guaraciaba,Belford Roxo,"Rede de
Distribuição",1,1
18/10/2020,"Am.
27716/20",Rua Retiro da Imprensa,Vila Heliópolis,Belford Roxo,"Rede de
Distribuição",1,1
19/10/2020,"Am.
27748/20",Rua Professor Pires Salgado,Jardim América,Rio de Janeiro,"Rede de
Distribuição",1,1
19/10/2020,"Am.
27743/20",Rua Bucareste,Vigário Geral,Rio de Janeiro,"Rede de
Distribuição",1,1
19/10/2020,"Am.
27832/20",Ladeira dos Tabajaras,Copacabana,Rio de Janeiro,"Rede de
Distribuição",1,1
19/10/2020,"Am.
27833/20",Rua Santa Clara,Copacabana,Rio de Janeiro,"Rede de
Distribuição",1,1
19/10/2020,"Am.
27757/20",Rua Itajaí,Realengo,Rio de Janeiro,"Rede de
Distribuição",1,1
19/10/2020,"Am.
26190/20",Rua Cândido Benício,Campinho,Rio de Janeiro,"Rede de
Distribuição",1,1
19/10/2020,"S.A.
2284/20","Estrada Carlos Sampaio -
Abastecimento Carros-Pipa",Jardim Queimados,Queimados,"Macro
Distribuição",1,1
20/10/2020,"Am.
27962/20",Rua Mister Watkins,Centro,Mesquita,"Rede de
Distribuição",1,1
20/10/2020,"Am.
27971/20","Rua Presidente General Craveiro
Lopes",Olinda,Nilópolis,"Rede de
Distribuição",1,1
20/10/2020,"Am.
27917/20",Rua Maranhão,Méier,Rio de Janeiro,"Rede de
Distribuição",1,1
20/10/2020,"Am.
27907/20",Rua Vinte e Quatro de Maio,"São Francisco
Xavier",Rio de Janeiro,"Rede de
Distribuição",1,1
20/10/2020,"Am.
27873/20",Rua Visconde de Itamarati,Maracanã,Rio de Janeiro,"Rede de
Distribuição",1,1
21/10/2020,"Am.
28032/20",Rua Gamboa,Gamboa,Rio de Janeiro,"Rede de
Distribuição",1,1
21/10/2020,"Am.
28017/20",Rua Alice,Laranjeiras,Rio de Janeiro,"Rede de
Distribuição",1,1
21/10/2020,"Am.
28072/20",Rua Presidente Nereu Ramos,"Recreio dos
Bandeirantes",Rio de Janeiro,"Rede de
Distribuição",1,1
21/10/2020,"S.A.
2307/20",Rua Augusto Nunes,Todos os Santos,Rio de Janeiro,"Rede de
Distribuição",1,1
21/10/2020,"S.A.
2281/20","Rua Capitão Damasceno  -
Abastecimento Carros-Pipa 1",Circular,"Duque de
Caxias","Macro
Distribuição",1,1
21/10/2020,"S.A.
2287/20","Rua Capitão Damasceno  -
Abastecimento Carros-Pipa 2",Circular,"Duque de
Caxias","Macro
Distribuição",1,1
22/10/2020,"S.A.
2273/20","Rua Pernambuco - Reservatório
Engenho de Dentro - Entrada",Engenho de Dentro,Rio de Janeiro,"Macro
Distribuição",1,1
22/10/2020,"S.A.
2273/20","Rua Pernambuco - Reservatório
Engenho de Dentro - Saída",Engenho de Dentro,Rio de Janeiro,"Macro
Distribuição",2,1
22/10/2020,"S.A.
2253/20",Rua Joaquim Coelho Alamo,Agostinho Porto,"São João de
Meriti","Rede de
Distribuição",1,1
22/10/2020,"S.A.
2308/20",Avenida Alhambra,Campo Grande,Rio de Janeiro,"Rede de
Distribuição",1,1
22/10/2020,"S.A.
2310/20",Rua Fernandes da Cunha,Vigário Geral,Rio de Janeiro,"Rede de
Distribuição",1,1
22/10/2020,"Am.
27499/20",Rua Tenente Araken Baptista,Penha,Rio de Janeiro,"Rede de
Distribuição",1,1
23/10/2020,"S.A.
2162/20",Rua Carlos Esteves,Vila São Luiz,"Duque de
Caxias","Rede de
Distribuição",1,1
23/10/2020,"S.A.
2323/20",Rua Maba,Vigário Geral,Rio de Janeiro,"Rede de
Distribuição",1,1
25/10/2020,"Am.
27857/20",Avenida João de Deus Menezes,Venda Velha,"São João de
Meriti","Rede de
Distribuição",1,1
26/10/2020,"Am.
28360/20",Rua Estácio de Sá,Estácio,Rio de Janeiro,"Rede de
Distribuição",1,1
25/10/2020,"Am.
27854/20",Rua Goiás,Centro,"São João de
Meriti","Rede de
Distribuição",1,1
25/10/2020,"Am.
27851/20",Rua Teixiera Pinto,Engenheiro Belford,"São João de
Meriti","Rede de
Distribuição",1,1
26/10/2020,"Am.
28377/20",Rua Barão de Itapagipe,Rio Comprido,Rio de Janeiro,"Rede de
Distribuição",1,1
26/10/2020,"Am.
28363/20",Rua Amoroso Lima,Cidade Nova,Rio de Janeiro,"Rede de
Distribuição",1,1
26/10/2020,"Am.
28324/20",Rua Benjamim Batista,Jardim Botânico,Rio de Janeiro,"Rede de
Distribuição",1,1
26/10/2020,"Am.
28348/20",Rua Cupertino Durão,Leblon,Rio de Janeiro,"Rede de
Distribuição",1,1
26/10/2020,"Am.
28337/20",Rua Duque Estrada,Gávea,Rio de Janeiro,"Rede de
Distribuição",1,1
27/10/2020,"Am.
28643/20",Rua Carmem Freitas Salgado,Califórnia,Nova Iguaçu,"Rede de
Distribuição",1,1
27/10/2020,"Am.
28620/20",Rua de Vila Lúcia,Aero Clube,Nova Iguaçu,"Rede de
Distribuição",1,1
27/10/2020,"Am.
28495/20",Rua Coronel França Leite,Cabral,Nilópolis,"Rede de
Distribuição",1,1
27/10/2020,"Am.
28481/20",Rua Doutor Heitor da Costa Val,Centro,Mesquita,"Rede de
Distribuição",1,1
27/10/2020,"Am.
28501/20",Rua Conde de Porto Alegre,Centro,"Duque de
Caxias","Rede de
Distribuição",1,1
27/10/2020,"S.A.
2278/20","Rua Francisca Tomé - Reservatório
Centenário - Entrada",Centenário,"Duque de
Caxias","Macro
Distribuição",1,1
27/10/2020,"S.A.
2278/20","Rua Francisca Tomé - Reservatório
Centenário - Saída",Centenário,"Duque de
Caxias","Macro
Distribuição",1,1
28/10/2020,"Am.
28662/20",Rua Amisterdam,Bangu,Rio de Janeiro,"Rede de
Distribuição",1,1
28/10/2020,"Am.
28728/20",Estrada dos Três Rios,Freguesia,Rio de Janeiro,"Rede de
Distribuição",1,1
28/10/2020,"Am.
28721/20",Rua Geminiano Gois,Jacarepaguá,Rio de Janeiro,"Rede de
Distribuição",1,1
28/10/2020,"Am.
28684/20",Avenida Doutor Maria Estrela,Bangu,Rio de Janeiro,"Rede de
Distribuição",1,1
28/10/2020,"Am.
28732/20",Rua Batista da Costa,Lagoa,Rio de Janeiro,"Rede de
Distribuição",1,1
29/10/2020,"S.A.
2274/20","Rua Marechal Jardim - Reservatório
Pedregulho - Saída",Benfica,Rio de Janeiro,"Macro
Distribuição",1,1
29/10/2020,"Am.
28779/20",Estrada da Bica,"Cacuia - Ilha do
Governador",Rio de Janeiro,"Rede de
Distribuição",1,1
29/10/2020,"Am.
28787/20",Estrada do Galeão,"Galeão - Ilha do
Governador",Rio de Janeiro,"Rede de
Distribuição",1,1
29/10/2020,"Am.
28898/20",Rua Visconde de Santa Isabel,Vila Isabel,Rio de Janeiro,"Rede de
Distribuição",1,1
29/10/2020,"Am.
28889/20",Rua Mariz e Barros,Praça da Bandeira,Rio de Janeiro,"Rede de
Distribuição",1,1
30/10/2020,"S.A.
2274/20","Rua Marechal Jardim - Reservatório
Pedregulho - Entrada",Benfica,Rio de Janeiro,"Macro
Distribuição",1,1
30/10/2020,"Am.
29072/20",Rua Visconde de Ouro Preto,Botafogo,Rio de Janeiro,"Rede de
Distribuição",1,1
30/10/2020,"Am.
29044/20",Rua Alice,Laranjeiras,Rio de Janeiro,"Rede de
Distribuição",1,1
31/10/2020,"Am.
29149/20",Estrada João Paulo,Barros Filho,Rio de Janeiro,"Rede de
Distribuição",1,1
31/10/2020,"Am.
29160/20",Rua Lins de Vasconcelos,"Lins de
Vanconcelos",Rio de Janeiro,"Rede de
Distribuição",1,1
02/11/2020,"Am.
29482/20",Rua Paraguai,Belford Roxo,Belford Roxo,"Rede de
Distribuição",1,1
02/11/2020,"Am.
29478/20",Avenida Benjamim Pinto Dias,Belford Roxo,Belford Roxo,"Rede de
Distribuição",1,1
03/11/2020,"Am.
29288/20",Rodovia Washington Luiz,Duque de Caxias,"Duque de
Caxias","Rede de
Distribuição",1,1
03/11/2020,"Am.
29289/20",Rua Conde de Porto Alegre,Centro,"Duque de
Caxias","Rede de
Distribuição",1,1
03/11/2020,"Am.
29376/20",Rua Albano,Praça Seca,Rio de Janeiro,"Rede de
Distribuição",1,1
03/11/2020,"Am.
29390/20",Rua Luiz Beltrão,Vila Valqueire,Rio de Janeiro,"Rede de
Distribuição",1,1
04/11/2020,"Am.
29580/20",Avenida Itaoca,Inhaúma,Rio de Janeiro,"Rede de
Distribuição",1,1
04/11/2020,"Am.
29549/20",Rua Pires da Mota,"Ribeira - Ilha do
Governador",Rio de Janeiro,"Rede de
Distribuição",1,1
04/11/2020,"S.A.
2360/20",Rua Corcovado,Jardim Botânico,Rio de Janeiro,"Rede de
Distribuição",1,1
04/11/2020,"S.A.
2357/20",Rua Ipiranga,Laranjeiras,Rio de Janeiro,"Rede de
Distribuição",1,1
05/11/2020,"Am.
28812/20",Rua Silva Gomes,Cascadura,Rio de Janeiro,"Rede de
Distribuição",1,1
05/11/2020,"Am.
29776/20",Rua Isolino Aquino,Deodoro,Rio de Janeiro,"Rede de
Distribuição",1,1
05/11/2020,"S.A.
2362/20",Rua Inspiração,Vila da Penha,Rio de Janeiro,"Rede de
Distribuição",1,1
05/11/2020,"Am.
29712/20",Rua Correia Seara,Magalhães Bastos,Rio de Janeiro,"Rede de
Distribuição",1,1
06/11/2020,"Am.
29882/20",Rua Retiro dos Artistas,Pechincha,Rio de Janeiro,"Rede de
Distribuição",1,1
06/11/2020,"Am.
29965/20",Rua São Joaquim,Cachambi,Rio de Janeiro,"Rede de
Distribuição",1,1
06/11/2020,"Am.
29995/20",Rua Marques de Leão,Engenho Novo,Rio de Janeiro,"Rede de
Distribuição",1,1
06/11/2020,"Am.
29904/20",Rua Estácio de Sá,Estácio,Rio de Janeiro,"Rede de
Distribuição",1,1
08/11/2020,"S.A.
2333/20",Rua Costa Filho,Marechal Hermes,Rio de Janeiro,"Rede de
Distribuição",1,1
09/11/2020,"Am.
30110/20",Rua Imperador,Realengo,Rio de Janeiro,"Rede de
Distribuição",1,1
09/11/2020,"Am.
30115/20",Rua Tenente Nepomuceno,Vila Militar,Rio de Janeiro,"Rede de
Distribuição",1,1
09/11/2020,"Am.
30186/20","Avenida Governador Roberto
Silveira",Centro,Nova Iguaçu,"Rede de
Distribuição",1,1
10/11/2020,"Am.
30300/20","Rua Presidente General Craveiro
Lopes",Olinda,Nilópolis,"Rede de
Distribuição",1,1
10/11/2020,"Am.
30294/20",Rua Casulo,Centro,Mesquita,"Rede de
Distribuição",1,1
10/11/2020,"Am.
30346/20",Rua Visconde de Ouro Preto,Botafogo,Rio de Janeiro,"Rede de
Distribuição",1,1
10/11/2020,"Am.
30273/20",Rua Bananal,Olavo Bilac,"Duque de
Caxias","Rede de
Distribuição",1,1
10/11/2020,"S.A.
2369/20",Estrada Água Branca,Magalhães Bastos,Rio de Janeiro,"Rede de
Distribuição",1,1
11/11/2020,"Am.
30454/20",Rua Licinio Cardoso,"São Francisco
Xavier",Rio de Janeiro,"Rede de
Distribuição",1,1
11/11/2020,"Am.
30507/20",Avenida Antenor Navarro,Braz de Pina,Rio de Janeiro,"Rede de
Distribuição",1,1
11/11/2020,"S.A.
2372/20","Rua Delfim Moreira - Reservatório
São Matheus - Entrada",São Matheus,"São João de
Meriti","Macro
Distribuição",1,1
11/11/2020,"S.A.
2372/20","Rua Delfim Moreira - Reservatório
São Matheus - Saída",São Matheus,"São João de
Meriti","Macro
Distribuição",1,1
11/11/2020,"S.A.
2370/20","Rua Pernambuco - Reservatório
Engenho de Dentro - Entrada",Engenho de Dentro,Rio de Janeiro,"Macro
Distribuição",1,1
11/11/2020,"S.A.
2370/20","Rua Pernambuco - Reservatório
Engenho de Dentro - Saída",Engenho de Dentro,Rio de Janeiro,"Macro
Distribuição",1,1
11/11/2020,"S.A.
2374/20","Avenida Edson Passos - Reservatório
Caixa Nova - Entrada",Alto da Boa Vista,Rio de Janeiro,"Macro
Distribuição",1,1
11/11/2020,"S.A.
2374/20","Avenida Edson Passos - Reservatório
Caixa Nova - Saída",Alto da Boa Vista,Rio de Janeiro,"Macro
Distribuição",1,1
12/11/2020,"Am.
30752/20",Estrada Maracajá,"Galeão - Ilha do
Governador",Rio de Janeiro,"Rede de
Distribuição",1,1
12/11/2020,"Am.
30734/20",Estrada Galeão,"Galeão - Ilha do
Governador",Rio de Janeiro,"Rede de
Distribuição",1,1
13/11/2020,"Am.
30931/20",Avenida Epitácio Pessoa,Lagoa,Rio de Janeiro,"Rede de
Distribuição",1,1
13/11/2020,"Am.
30848/20",Rua Retiro dos Artistas,Pechincha,Rio de Janeiro,"Rede de
Distribuição",1,1
13/11/2020,"Am.
30838/20",Rua Waldemar Dutra,Santo Cristo,Rio de Janeiro,"Rede de
Distribuição",1,1
13/11/2020,"Am.
30907/20",Rua Angélica Mota,Olaria,Rio de Janeiro,"Rede de
Distribuição",1,1
13/11/2020,"S.A.
2371/20","Rua Marechal Jardim - Reservatório
Pedregulho - Entrada",Benfica,Rio de Janeiro,"Macro
Distribuição",1,1
13/11/2020,"S.A.
2371/20","Rua Marechal Jardim - Reservatório
Pedregulho - Saída",Benfica,Rio de Janeiro,"Macro
Distribuição",1,1
13/11/2020,"S.A.
2373/20","Rua Pacheco Leão - Reservatório
Macacos - Entrada",Jardim Botânico,Rio de Janeiro,"Macro
Distribuição",1,1
13/11/2020,"S.A.
2373/20","Rua Pacheco Leão - Reservatório
Macacos - Saída",Jardim Botânico,Rio de Janeiro,"Macro
Distribuição",1,1
16/11/2020,"Am.
31044/20",Rua Bom Pastor,Tijuca,Rio de Janeiro,"Rede de
Distribuição",1,1
16/11/2020,"Am.
31050/20",Rua Visconde de Itamarati,Maracanã,Rio de Janeiro,"Rede de
Distribuição",1,1
16/11/2020,"Am.
31085/20",Rua Frei Caneca,Centro,Rio de Janeiro,"Rede de
Distribuição",1,1
16/11/2020,"Am.
31092/20",Praça da Cruz Vermelha,Centro,Rio de Janeiro,"Rede de
Distribuição",1,1
17/11/2020,"Am.
31146/20",Rua Netuno,Centro,Mesquita,"Rede de
Distribuição",1,1
17/11/2020,"Am.
31159/20",Rua Roldão Gonçalves,Olinda,Nilópolis,"Rede de
Distribuição",1,1
17/11/2020,"Am.
31273/20",Avenida Rodrigo Otávio,Gávea,Rio de Janeiro,"Rede de
Distribuição",1,1
17/11/2020,"Am.
31310/20","Estrada Carlos Sampaio -
Abastecimento Carros-Pipa",Jardim Queimados,Queimados,"Macro
Distribuição",1,1
17/11/2020,"S.A.
2400/20","Rua Capitão Damasceno  -
Abastecimento Carros-Pipa 1",Duque de Caxias,"Duque de
Caxias","Macro
Distribuição",1,1
17/11/2020,"S.A.
2402/20","Rua Capitão Damasceno  -
Abastecimento Carros-Pipa 2",Duque de Caxias,"Duque de
Caxias","Macro
Distribuição",1,1
17/11/2020,"S.A.
2404/20","Alameda Calheiros da Graça  -
Abastecimento Carros-Pipa",Duque de Caxias,"Duque de
Caxias","Macro
Distribuição",1,1
18/11/2020,"Am.
29190/20",Avenida das Américas,Recreio,Rio de Janeiro,"Rede de
Distribuição",1,1
18/11/2020,"Am.
29207/20",Rua Arthur Possolo,Recreio,Rio de Janeiro,"Rede de
Distribuição",1,1
18/11/2020,"Am.
31323/20",Rua Cristalina Jardim Batan,Realengo,Rio de Janeiro,"Rede de
Distribuição",1,1
18/11/2020,"Am.
31332/20",Rua Araquem,Bangu,Rio de Janeiro,"Rede de
Distribuição",1,1
18/11/2020,"S.A.
2410/20",Rua Francisco Franco,Bangu,Rio de Janeiro,"Rede de
Distribuição",1,1
19/11/2020,"Am.
31405/20",Rua Souza Barros,Engenho Novo,Rio de Janeiro,"Rede de
Distribuição",1,1
19/11/2020,"Am.
31423/20",Rua Primo Teixeira,Encantado,Rio de Janeiro,"Rede de
Distribuição",1,1
19/11/2020,"Am.
31436/20",Av. João de Deus Menezes,N. S. Anton,"São João de
Meriti","Rede de
Distribuição",1,1
19/11/2020,"Am.
31466/20",Rua Marques do Paraná,Flamengo,Rio de Janeiro,"Rede de
Distribuição",1,1
19/11/2020,"Am.
31472/20",Rua Visconde de Ouro Preto,Botafogo,Rio de Janeiro,"Rede de
Distribuição",1,1
19/11/2020,"Am.
31497/20",Rua Alice,Laranjeiras,Rio de Janeiro,"Rede de
Distribuição",1,1
19/11/2020,"S.A.
2399/20","Av. Euclides da Cunha  -
Abastecimento Carros-Pipa",Vila São João,"São João de
Meriti","Macro
Distribuição",1,1
21/11/2020,"S.A.
2424/20",Rua Coronel Camisão,Cordovil,Rio de Janeiro,"Rede de
Distribuição",1,1
21/11/2020,"S.A.
2457/20",Rua Vitor Frond,Coelho Neto,Rio de Janeiro,"Rede de
Distribuição",1,1
21/11/2020,"S.A.
2460/20",Rua Robert Schumann,Jardim América,Rio de Janeiro,"Rede de
Distribuição",1,1
21/11/2020,"S.A.
2462/20",Rua José Sombra,Irajá,Rio de Janeiro,"Rede de
Distribuição",1,1
21/11/2020,"S.A.
2463/20",Rua Japuanga,Parada de Lucas,Rio de Janeiro,"Rede de
Distribuição",1,1
21/11/2020,"S.A.
2465/20",Rua São Bartolomeu,Vigário Geral,Rio de Janeiro,"Rede de
Distribuição",1,1
22/11/2020,"S.A.
2404/20A","Alameda Calheiros da Graça -
Abastecimento Carros-Pipa",Jardim Primavera,"Duque de
Caxias","Macro
Distribuição",1,1
22/11/2020,"S.A.
2414/20",Rua Maria Helena,Rocha Sobrinho,Mesquita,"Rede de
Distribuição",1,1
23/11/2020,"Am.
31688/20",Rua Visconde de Sepetiba,Santa Cruz,Rio de Janeiro,"Rede de
Distribuição",1,1
23/11/2020,"Am.
31675/20",Estrada da Matriz,Pedra de Guaratiba,Rio de Janeiro,"Rede de
Distribuição",1,1
23/11/2020,"Am.
31693/20",Estrada Urucania,Paciência,Rio de Janeiro,"Rede de
Distribuição",1,1
23/11/2020,"Am.
31681/20",Estrada Piaí,Sepetiba,Rio de Janeiro,"Rede de
Distribuição",1,1
24/11/2020,"S.A.
2375/20","Rua Francisca Tomé - Reservatório
Centenário - Entrada",Centenário,"Duque de
Caxias","Macro
Distribuição",1,1
24/11/2020,"Am.
31106/20",Rua Conde de Porto Alegre,Centro,"Duque de
Caxias","Rede de
Distribuição",1,1
24/11/2020,"S.A.
2485/20",Rua Magoari,Realengo,Rio de Janeiro,"Rede de
Distribuição",1,1
24/11/2020,"S.A.
2525/20",Rua Cimbres,Coelho Neto,Rio de Janeiro,"Rede de
Distribuição",1,1
24/11/2020,"S.A.
2539/20",Rua Doutor Jose Thomaz,Pavuna,Rio de Janeiro,"Rede de
Distribuição",1,1
25/11/2020,"S.A.
2405/20","Estrada da Covanca  - Abastecimento
Carros-Pipa",Tanque,Rio de Janeiro,"Macro
Distribuição",1,1
25/11/2020,"S.A.
2523/20",Rua Fiação,Bangu,Rio de Janeiro,"Rede de
Distribuição",1,1
26/11/2020,"Am.
31928/20",Rua Maestro Germano Teixeira,Belford Roxo,Belford Roxo,"Rede de
Distribuição",1,1
26/11/2020,"S.A.
2617/20",Rua Alvaro De Magalhães,Jardim América,Rio de Janeiro,"Rede de
Distribuição",1,1
26/11/2020,"Am.
31850/20",Estrada do Lameirão,Santíssimo,Rio de Janeiro,"Rede de
Distribuição",1,1
26/11/2020,"S.A.
2628/20",Rua Coronel Cota,Méier,Rio de Janeiro,"Rede de
Distribuição",1,1
26/11/2020,"S.A.
2625/20",Rua Alves de Brito,Tijuca,Rio de Janeiro,"Rede de
Distribuição",1,1
27/11/2020,"Am.
32116/20",Rua Campo Largo,Padre Miguel,Rio de Janeiro,"Rede de
Distribuição",1,1
27/11/2020,"Am.
32134/20",Rua Abacates,Deodoro,Rio de Janeiro,"Rede de
Distribuição",1,1
27/11/2020,"Am.
32039/20",Rua Alberto de Campos,Ipanema,Rio de Janeiro,"Rede de
Distribuição",1,1
27/11/2020,"Am.
32168/20",Rua Marechal José Bevilaqua,Taquara,Rio de Janeiro,"Rede de
Distribuição",1,1
27/11/2020,"S.A.
2458/20A",Rua Américo Ribeiro Rezende,Olinda,Nilópolis,"Rede de
Distribuição",1,1
27/11/2020,"Am.
32043/20",Avenida Prudente de Morais,Ipanema,Rio de Janeiro,"Rede de
Distribuição",1,1
27/11/2020,"Am.
32016/20",Rua José Bonifácio,Todos os Santos,Rio de Janeiro,"Rede de
Distribuição",1,1
30/11/2020,"Am.
32327/20",Travessa Carminha,Andaraí,Rio de Janeiro,"Rede de
Distribuição",1,1
30/11/2020,"Am.
32407/20",Rua Chaves Faria,São Cristovão,Rio de Janeiro,"Rede de
Distribuição",1,1
29/11/2020,"Am.
32080/20",Rua General Rondon,Pq. Santa Eugênia,Nova Iguaçu,"Rede de
Distribuição",1,1
29/11/2020,"Am.
32072/20",Rua Maria Laura,Moquetá,Nova Iguaçu,"Rede de
Distribuição",1,1
29/11/2020,"Am.
32093/20",Rua Otavio Ascole,Chavascal,Nova Iguaçu,"Rede de
Distribuição",1,1
29/11/2020,"Am.
32074/20",Rua Savero José Bruno,Aeroclube,Nova Iguaçu,"Rede de
Distribuição",1,1
29/11/2020,"Am.
32200/20",Av. João de Deus Menezes,N.S. Anton,"São João de
Meriti","Rede de
Distribuição",1,1
29/11/2020,"Am.
32208/20",Rua São Pedro,Centro - S. João,"São João de
Meriti","Rede de
Distribuição",1,1
29/11/2020,"Am.
32198/20",Rua Luiz Laudares,P. Analândia,"São João de
Meriti","Rede de
Distribuição",1,1
29/11/2020,"Am.
32205/20",Rua Alagoas,Centro,"São João de
Meriti","Rede de
Distribuição",1,1
30/11/2020,"Am.
29345/20",Rua Eng. Álvaro Niemeyer,São Conrado,Rio de Janeiro,"Rede de
Distribuição",1,1
30/11/2020,"Am.
29355/20",Rua Einstein,Barra da Tijuca,Rio de Janeiro,"Rede de
Distribuição",1,1
30/11/2020,"Am.
29357/20",Estrada Barra da Tijuca,Barra da Tijuca,Rio de Janeiro,"Rede de
Distribuição",1,1
30/11/2020,"Am.
32296/20",Rua Bom Pastor,Tijuca,Rio de Janeiro,"Rede de
Distribuição",1,1
30/11/2020,"Am.
32318/20",Rua Barão do Bom Retiro,Engenho Novo,Rio de Janeiro,"Rede de
Distribuição",1,1
30/11/2020,"Am.
32265/20",Rua Marques de Leão,Engenho Novo,Rio de Janeiro,"Rede de
Distribuição",1,1
30/11/2020,"Am.
32269/20",Rua Leite Ribeiro,Méier,Rio de Janeiro,"Rede de
Distribuição",1,1
30/11/2020,"Am.
32281/20",Rua Pernambuco,Engenho de Dentro,Rio de Janeiro,"Rede de
Distribuição",1,1
30/11/2020,"Am.
32263/20",Rua Vinte e Quatro de Maio,"São Francisco
Xavier",Rio de Janeiro,"Rede de
Distribuição",1,1
01/12/2020,"S.A.
2639/20",Rua Henrique Braga,Oswaldo Cruz,Rio de Janeiro,"Rede de
Distribuição",1,1
01/12/2020,"S.A.
2640/20",Rua Quiroam,Oswaldo Cruz,Rio de Janeiro,"Rede de
Distribuição",1,1
01/12/2020,"S.A.
2432/20A",Rua Marechal Modestino,Realengo,Rio de Janeiro,"Rede de
Distribuição",1,1
02/12/2020,"Am.
32691/20",Rua Angélica Mota,Olaria,Rio de Janeiro,"Rede de
Distribuição",1,1
02/12/2020,"Am.
32708/20",Rua Iricume,Brás de Pina,Rio de Janeiro,"Rede de
Distribuição",1,1
02/12/2020,"Am.
32712/20",Rua Professor Rodolpho Rocco,"Cidade
Universitária",Rio de Janeiro,"Rede de
Distribuição",1,1
02/12/2020,"Am.
32725/20",Rua Ipiru,Cacuia,Rio de Janeiro,"Rede de
Distribuição",1,1
03/12/2020,"Am.
32781/20",Rua Professor Silvio Leite,Taquara,Rio de Janeiro,"Rede de
Distribuição",1,1
03/12/2020,"Am.
32773/20",Estrada Pau da Fome,Jacarepaguá,Rio de Janeiro,"Rede de
Distribuição",1,1
03/12/2020,"Am.
32670/20",Rua João Pessoa,Centro,Nilópolis,"Rede de
Distribuição",1,1
04/12/2020,"Am.
32595/12",Estrada do Lameirão,Santíssimo,Rio de Janeiro,"Rede de
Distribuição",1,1
04/12/2020,"Am.
32886/20",Rua Itajaí,Realengo,Rio de Janeiro,"Rede de
Distribuição",1,1
04/12/2020,"Am.
32895/20",Rua Vigilante Fortunato,Bangu,Rio de Janeiro,"Rede de
Distribuição",1,1
05/12/2020,"Am.
32975/20",Rua Muniz Barreto,Botafogo,Rio de Janeiro,"Rede de
Distribuição",1,1
05/12/2020,"Am.
32970/20",Avenida Rui Barbosa,Flamengo,Rio de Janeiro,"Rede de
Distribuição",1,1
05/12/2020,"Am.
33154/20",Rua Carolina Santos,"Lins de
Vasconcelos",Rio de Janeiro,"Rede de
Distribuição",1,1
05/12/2020,"Am.
33156/20",Rua Adriano,Todos os Santos,Rio de Janeiro,"Rede de
Distribuição",1,1
06/12/2020,"S.A.
2666/20",Rua Artur Menezes,Tijuca,Rio de Janeiro,"Rede de
Distribuição",1,1
06/12/2020,"S.A.
2654/20",Rua Ipiranga,Laranjeiras,Rio de Janeiro,"Rede de
Distribuição",1,1
08/12/2020,"Am.
33304/20",Rua Doutor Otávio Kelly,Tijuca,Rio de Janeiro,"Rede de
Distribuição",1,1
09/12/2020,"S.A.
2415/20",Reservatório Posse  - Saída,Posse,Nova Iguaçu,"Macro
Distribuição",1,1
09/12/2020,"S.A.
2415/20",Reservatório Posse  - Entrada,Posse,Nova Iguaçu,"Macro
Distribuição",1,1
09/12/2020,"Am.
32743/20",Estrada Coronel Pedro Correa,Barra da Tijuca,Rio de Janeiro,"Rede de
Distribuição",1,1
09/12/2020,"Am.
33424/20",Rua Pinto da Fonseca,Magalhães Bastos,Rio de Janeiro,"Rede de
Distribuição",1,1
10/12/2020,"Am.
33125/20",Rua São Leobaldo,Gávea,Rio de Janeiro,"Rede de
Distribuição",1,1
10/12/2020,"Am.
33130/20",Rua Major Rolinda da Silva,Barra da Tijuca,Rio de Janeiro,"Rede de
Distribuição",1,1
10/12/2020,"Am.
33253/20",Rua Garcia Redondo,Cachambi,Rio de Janeiro,"Rede de
Distribuição",1,1
10/12/2020,"Am.
33277/20",Rua Licínio Cardoso,"São Francisco
Xavier",Rio de Janeiro,"Rede de
Distribuição",1,1
11/12/2020,"Am.
33596/20",Rua Pedro Ernesto,Gamboa,Rio de Janeiro,"Rede de
Distribuição",1,1
11/12/2020,"Am.
33524/20",Rua Benajmim Batista,Jardim Botânico,Rio de Janeiro,"Rede de
Distribuição",1,1
11/12/2020,"Am.
33365/20",Rua Olímpia Esteves,Padre Miguel,Rio de Janeiro,"Rede de
Distribuição",1,1
13/12/2020,"Am.
33395/20",Estrada São João Caxias,Centro,"São João de
Meriti","Rede de
Distribuição",1,1
13/12/2020,"Am.
33398/20",Rua Anastácio Correia,Parque Barreto,"São João de
Meriti","Rede de
Distribuição",1,1
13/12/2020,"S.A.
2704/20",Rua Monte Santo,Irajá,Rio de Janeiro,"Rede de
Distribuição",1,1
13/12/2020,"S.A.
2707/20",Rua Marechal Antônio Souza,Jardim América,Rio de Janeiro,"Rede de
Distribuição",1,1
13/12/2020,"Am.
31563/20",Rua Savero José Bruno,Aero Clube,Nova Iguaçu,"Rede de
Distribuição",1,1
14/12/2020,"Am.
31566/20",Rua Benedito Kely,"Parque Santa
Eugênia",Nova Iguaçu,"Rede de
Distribuição",1,1
15/12/2020,"Am.
26801/20",Avenida Doutor Manoel Reis,Centenário,"Duque de
Caxias","Rede de
Distribuição",1,1
15/12/2020,"Am.
33181/20",Estrada Feliciano Sodré,Centro,Mesquita,"Rede de
Distribuição",1,1
15/12/2020,"Am.
33188/20",Rua Doutor Heitor da Costa Val,Centro,Mesquita,"Rede de
Distribuição",1,1
15/12/2020,"S.A.
2732/20",Ladeira dos Guararapes,Cosme Velho,Rio de Janeiro,"Rede de
Distribuição",1,1
15/12/2020,"Am.
33906/20",Rua Batista da Costa,Lagoa,Rio de Janeiro,"Rede de
Distribuição",1,1
16/12/2020,"S.A.
2695/20","Alameda Calheiros da Graça -
Abastecimento Carros-Pipa",Jardim Primavera,"Duque de
Caxias","Macro
Distribuição",1,1
16/12/2020,"Am.
34007/20",Rua Arquias Cordeiro,Méier,Rio de Janeiro,"Rede de
Distribuição",1,1
15/12/2020,"Am.
26779/20",Rua Garibalde,"Jardim 25 de
Agosto","Duque de
Caxias","Rede de
Distribuição",1,1
16/12/2020,"Am.
34060/20",Rua Leverger,Realengo,Rio de Janeiro,"Rede de
Distribuição",1,1
18/12/2020,"S.A.
2685/20","Rua Delfim Moreira - Reservatório
São Matheus - Entrada",São Matheus,"São João de
Meriti","Macro
Distribuição",1,1
18/12/2020,"S.A.
2685/20","Rua Delfim Moreira - Reservatório
São Matheus - Saída",São Matheus,"São João de
Meriti","Macro
Distribuição",1,1
18/12/2020,"S.A.
2686/20","Rua Pacheco Leão - Reservatório
Macacos - Entrada",Jardim Botânico,Rio de Janeiro,"Macro
Distribuição",1,1
18/12/2020,"S.A.
2686/20","Rua Pacheco Leão - Reservatório
Macacos - Saída",Jardim Botânico,Rio de Janeiro,"Macro
Distribuição",1,1
18/12/2020,"S.A.
2687/20","Avenida Edson Passos - Reservatório
Caixa Nova - Entrada",Alto da Boa Vista,Rio de Janeiro,"Macro
Distribuição",1,1
18/12/2020,"S.A.
2687/20","Avenida Edson Passos - Reservatório
Caixa Nova - Saída",Alto da Boa Vista,Rio de Janeiro,"Macro
Distribuição",1,1
18/12/2020,"S.A.
2683/20","Rua Pernambuco - Reservatório
Engenho de Dentro - Entrada",Engenho de Dentro,Rio de Janeiro,"Macro
Distribuição",1,1
18/12/2020,"S.A.
2683/20","Rua Pernambuco - Reservatório
Engenho de Dentro - Saída",Engenho de Dentro,Rio de Janeiro,"Macro
Distribuição",1,1
18/12/2020,"S.A.
2692/20","Avenida Euclides da Cunha -
Abastecimento Carros-Pipa",Vila São João,"São João de
Meriti","Macro
Distribuição",1,1
18/12/2020,"Am.
34455/20",Rua Vinte e Quatro de Maio,"São Francisco
Xavier",Rio de Janeiro,"Rede de
Distribuição",1,1
18/12/2020,"Am.
33965/20",Rua Barão,Praça Seca,Rio de Janeiro,"Rede de
Distribuição",1,1
18/12/2020,"S.A.
2689/20","Estrada Carlos Sampaio -
Abastecimento Carros-Pipa",Jd Queimados,Queimados,"Macro
Distribuição",1,1
18/12/2020,"S.A.
2691/20","Avenida Benjamim Pinto Dias -
Abastecimento Carros-Pipa 7",Belford Roxo,Belford Roxo,"Macro
Distribuição",1,1
18/12/2020,"S.A.
2690/20","Avenida Benjamim Pinto Dias -
Abastecimento Carros-Pipa 8",Belford Roxo,Belford Roxo,"Macro
Distribuição",1,1
18/12/2020,"Am.
34510/20",Rua José Rocha,Belford Roxo,Belford Roxo,"Rede de
Distribuição",1,1
19/12/2020,"S.A.
2696/20","Estrada da Covana - Abastecimento
Carros-Pipa",Tanque,Rio de Janeiro,"Macro
Distribuição",2,1
19/12/2020,"Am.
34580/20",Avenida Menezes Cortes,Jacarepaguá,Rio de Janeiro,"Rede de
Distribuição",2,1
20/12/2020,"S.A.
2261/20",Rua Gonçalves dos Santos,Penha Circular,Rio de Janeiro,"Rede de
Distribuição",2,1
20/12/2020,"S.A.
2740/20",Rua Mercúrio,Pavuna,Rio de Janeiro,"Rede de
Distribuição",1,1
21/12/2020,"Am.
34653/20",Estrada Guandu do Sena,Bangu,Rio de Janeiro,"Rede de
Distribuição",1,1
21/12/2020,"Am.
34659/20",Rua José Gomes Farias,Bangu,Rio de Janeiro,"Rede de
Distribuição",1,1
21/12/2020,"Am.
34683/20",Rua Cordovil,Parada de Lucas,Rio de Janeiro,"Rede de
Distribuição",1,1
21/12/2020,"Am.
34624/20",Avenida Cândido Portinari,Barra da Tijuca,Rio de Janeiro,"Rede de
Distribuição",1,1
22/12/2020,"Am.
34871/20",Rua André Rocha,Jacarepaguá,Rio de Janeiro,"Rede de
Distribuição",1,1
22/12/2020,"Am.
34877/20",Lad Freguesia,Freguesia,Rio de Janeiro,"Rede de
Distribuição",1,1
22/12/2020,"Am.
34769/20",Rua Pres. Gal. Craveiro Lopes,Olinda,Nilópolis,"Rede de
Distribuição",1,1
22/12/2020,"Am.
34791/20",Rua Dr Heitor da Costa Val,Centro,Mesquita,"Rede de
Distribuição",1,1
23/12/2020,"Am.
34816/20",Rua Dom Silvério,Olavo Bilac,"Duque de
Caxias","Rede de
Distribuição",1,1
23/12/2020,"Am.
34987/20",Rua Muniz Barreto,Botafogo,Rio de Janeiro,"Rede de
Distribuição",1,1
23/12/2020,"Am.
34980/20",Rua Marquês do Paraná,Flamengo,Rio de Janeiro,"Rede de
Distribuição",1,1
23/12/2020,"Am.
35016/20",Estrada São João Caxias,Centro,"São João de
Meriti","Rede de
Distribuição",1,1
23/12/2020,"Am.
35029/20",Rua Cândida Pires,Centro,"São João de
Meriti","Rede de
Distribuição",1,1
23/12/2020,"Am.
34925/20",Rua Alice,Laranjeiras,Rio de Janeiro,"Rede de
Distribuição",1,1
23/12/2020,"Am.
34932/20",Rua do Russel,Glória,Rio de Janeiro,"Rede de
Distribuição",1,1
23/12/2020,"Am.
34895/20",Avenida Epitácio Pessoa,Ipanema,Rio de Janeiro,"Rede de
Distribuição",1,1
23/12/2020,"Am.
34907/20",Ladeira dos Tabajaras,Copacabana,Rio de Janeiro,"Rede de
Distribuição",1,1
27/12/2020,"Am.
35295/20","Rua Marechal Raimundo M.
Belford",Pq Sta Eugenia,Nova Iguaçu,"Rede de
Distribuição",2,1
27/12/2020,"Am.
35292/20","Avenida Governador Roberto
Silveira",Centro,Nova Iguaçu,"Rede de
Distribuição",2,1
27/12/2020,"Am.
35300/20",Rua João Martins,K-11,Nova Iguaçu,"Rede de
Distribuição",3,1
27/12/2020,"Am.
35245/20",Rua Francis,Nova Piam,Belford Roxo,"Rede de
Distribuição",2,1
27/12/2020,"Am.
35233/20",Rua José Muniz,Belford Roxo,Belford Roxo,"Rede de
Distribuição",3,1
27/12/2020,"Am.
35286/20",Av. Dr. Salles Teixeira,Aero Clube,Nova Iguaçu,"Rede de
Distribuição",1,1
27/12/2020,"Am.
35240/20",Rua Paraguai,Belford Roxo,Rio de Janeiro,"Rede de
Distribuição",1,1
28/12/2020,"Am.
35484/20",Rua Atílio Milano,Del Castilho,Rio de Janeiro,"Rede de
Distribuição",1,1
28/12/2020,"Am.
35486/20",Avenida Itaoca,Bonsucesso,Rio de Janeiro,"Rede de
Distribuição",3,1
28/12/2020,"Am.
35494/20",Praça Aquidauana,"Vicente de
Carvalho",Rio de Janeiro,"Rede de
Distribuição",1,1
28/12/2020,"Am.
35500/20",Avenida Meriti,Vila Kosmos,Rio de Janeiro,"Rede de
Distribuição",1,1
28/12/2020,"S.A.
2683/20","Rua Pernambuco - Reservatório
Engenho de Dentro - Saída",Engenho de Dentro,Rio de Janeiro,"Macro
Distribuição",2,1
28/12/2020,"S.A.
2684/20","Rua Marechal Jardim - Reservatório
Pedregulho - Entrada",Benfica,Rio de Janeiro,"Macro
Distribuição",2,1
28/12/2020,"S.A.
2684/20","Rua Marechal Jardim - Reservatório
Pedregulho - Saída",Benfica,Rio de Janeiro,"Macro
Distribuição",2,1
30/12/2020,"S.A.
2693/20","Rua Capitão Damasceno -
Abastecimento Carros-Pipa 1",Circular,"Duque de
Caxias","Macro
Distribuição",1,1
30/12/2020,"S.A.
2694/20","Rua Capitão Damasceno -
Abastecimento Carros-Pipa 2",Circular,"Duque de
Caxias","Macro
Distribuição",1,1
30/12/2020,"Am.
35433/20",Rua Estácio de Sá,Estácio,Rio de Janeiro,"Rede de
Distribuição",1,1
30/12/2020,"Am.
35761/20",Rua Vieira Bueno,São Cristóvão,Rio de Janeiro,"Rede de
Distribuição",2,2
30/12/2020,"Am.
35449/20",Rua Carmo Neto,Santo Cristo,Rio de Janeiro,"Rede de
Distribuição",1,1
30/12/2020,"Am.
35722/20",Rua Jardim Botânico,Jardim Botânico,Rio de Janeiro,"Rede de
Distribuição",1,1
30/12/2020,"Am.
35734/20",Rua Oitis,Gávea,Rio de Janeiro,"Rede de
Distribuição",1,1
30/12/2020,"Am.
35787/20",Rua Carlos Seidl,Caju,Rio de Janeiro,"Rede de
Distribuição",2,2
